Company Name,First Name,Last Name,Business Number,Phone Number,Email,Docs,Locations,Google Rating,Reviews,Website,BV,MSA,Tag
Row_1,,,,,,,,,,https://www.gro-residential.co.uk/,,,
Row_2,,,,,,,,,,http://www.mulberrypm.co.uk/,,,
Row_3,,,,,,,,,,http://www.littlefairspropertycompany.co.uk/,,,
Row_4,,,,,,,,,,https://www.yorkpropertygroup.co.uk/,,,
Row_5,,,,,,,,,,https://www.pureblockmanagement.co.uk/,,,
Row_6,,,,,,,,,,http://www.ypp.co.uk/,,,
Row_7,,,,,,,,,,https://www.tjmudd.com/,,,
Row_8,,,,,,,,,,http://www.mtpcyork.com/,,,
Row_9,,,,,,,,,,https://rentals.easilets.co.uk/,,,
Row_10,,,,,,,,,,https://hanfordhomes.co.uk/,,,
Row_11,,,,,,,,,,https://newbusimap.org/details/york-property-company-ChIJ96l,,,
Row_12,,,,,,,,,,https://igproperty.co.uk/,,,
Row_13,,,,,,,,,,https://www.lslps.co.uk/,,,
Row_14,,,,,,,,,,http://www.ppmanagement.co.uk/?utm_source=google&utm_medium=wix_google_business_profile&utm_campaign=8513970448445237534,,,
Row_15,,,,,,,,,,https://yorkairbnbmanagement.co.uk/,,,
Row_16,,,,,,,,,,http://www.quantumestateagency.com/,,,
Row_17,,,,,,,,,,http://www.ashtonsnet.com/lettings-and-management.html,,,
Row_18,,,,,,,,,,https://www.hunters.com/office/york?utm_source=google&utm_medium=local,,,
Row_19,,,,,,,,,,https://www.garnessjones.co.uk/,,,
Row_20,,,,,,,,,,http://www.vrpropertydevelopers.co.uk/,,,
Row_21,,,,,,,,,,https://www.mitie.com/,,,
Row_22,,,,,,,,,,http://www.northstarim.com/,,,
Row_23,,,,,,,,,,https://www.martinco.com/estate-agents-and-letting-agents/branch/york/?utm_source=google&utm_medium=local&utm_campaign=gmb-york-website,,,
Row_24,,,,,,,,,,https://www.apyork.com/,,,
Row_25,,,,,,,,,,http://www.sinclair-properties.com/,,,
Row_26,,,,,,,,,,https://tnluxepropertiesltd.co.uk/,,,
Row_27,,,,,,,,,,https://www.yorkrla.co.uk/,,,
Row_28,,,,,,,,,,https://www.barrycrux.co.uk/,,,
Row_29,,,,,,,,,,http://www.prontohomes.co.uk/,,,
Row_30,,,,,,,,,,https://www.savills.co.uk/estate-agents/savills-york.aspx?utm_source=Google&utm_medium=Local&utm_campaign=York,,,
Row_31,,,,,,,,,,https://www.novussolutions.co.uk/contact/york?utm_source=google&utm_medium=organic&utm_campaign=local%20citation&utm_term=York,,,
Row_32,,,,,,,,,,https://prestonbaker.co.uk/estate-agents/york/?utm_source=localmaps&utm_medium=gbp&utm_campaign=york&utm_term=website,,,
Row_33,,,,,,,,,,https://www.yorkcommunityconsulting.co.uk/,,,
Row_34,,,,,,,,,,https://www.linleyandsimpson.co.uk/branch-finder/york-estate-agents-lettings-agents/,,,
Row_35,,,,,,,,,,https://www.lsllandandnewhomes.co.uk/,,,
Row_36,,,,,,,,,,http://holmefield.uk/,,,
Row_37,,,,,,,,,,http://www.hudson-moody.com/,,,
Row_38,,,,,,,,,,http://www.rmenglish.co.uk/,,,
Row_39,,,,,,,,,,http://oneclementhorpemaltings.co.uk/,,,
Row_40,,,,,,,,,,http://www.astburyformentera.co.uk/,,,
Row_41,,,,,,,,,,https://www.2letagency.co.uk/,,,
Row_42,,,,,,,,,,https://www.anchor.org.uk/our-properties/st-andrew-place-york?utm_source=gmb+leasehold&utm_medium=organic,,,
Row_43,,,,,,,,,,http://boothmanproperty.co.uk/,,,
Row_44,,,,,,,,,,https://www.yorhouse.com/,,,
Row_45,,,,,,,,,,https://www.belvoir.co.uk/offices/york,,,
Row_46,,,,,,,,,,http://www.andertonmcclements.co.uk/,,,
Row_47,,,,,,,,,,https://www.yorkstudentaccommodation.co.uk/,,,
Row_48,,,,,,,,,,http://kendall-bailey.co.uk/,,,
Row_49,,,,,,,,,,http://www.cityletsyork.co.uk/?referrer=GooglePlaces&utm_source=gmb&y_source=1_NDQ0MDQxMy03MTUtbG9jYXRpb24ud2Vic2l0ZQ%3D%3D,,,
Row_50,,,,,,,,,,https://www.churchillsestateagents.co.uk/?utm_source=localmaps&utm_medium=gbp&utm_campaign=york,,,
Row_51,,,,,,,,,,http://www.eboracumuk.com/,,,
Row_52,,,,,,,,,,https://locationuk.org/business/sharepods-llp-wzcfxv,,,
Row_53,,,,,,,,,,https://www.carterjonas.co.uk/estate-agents/york,,,
Row_54,,,,,,,,,,https://www.tjmudd.com/,,,
Row_55,,,,,,,,,,http://www.anglo-management.co.uk/,,,
Row_56,,,,,,,,,,https://stapletonwaterhouse.com/,,,
Row_57,,,,,,,,,,http://carterproperties.co.uk/,,,
Row_58,,,,,,,,,,https://www.yorkluxuryholidays.co.uk/,,,
Row_59,,,,,,,,,,http://www.sinclair-properties.com/,,,
Row_60,,,,,,,,,,https://mlcyork.co.uk/,,,
Row_61,,,,,,,,,,https://www.reedsrains.co.uk/estate-agent/york?utm_source=google_my_business&utm_medium=organic&utm_campaign=RYORK1,,,
Row_62,,,,,,,,,,https://www.farrellheyworth.co.uk/branches/st-annes/?utm_source=google&utm_medium=local&utm_campaign=gmb_listing,,,
Row_63,,,,,,,,,,http://www.eliments.co.uk/,,,
Row_64,,,,,,,,,,https://www.humberts.com/,,,
Row_65,,,,,,,,,,https://cityapartmentshudsonquarter.york-hotels.net/,,,
Row_66,,,,,,,,,,https://www.passthekeys.com/york/,,,
Row_67,,,,,,,,,,https://www.williamhbrown.co.uk/estate-agents/york?utm_source=Google&utm_medium=Main+URL&utm_campaign=Google+Knowledge+Panel&utm_id=YEXT&y_source=1_NjUyNTUyNzUtNzE1LWxvY2F0aW9uLndlYnNpdGU%3D,,,
Row_68,,,,,,,,,,https://www.farrellheyworth.co.uk/branches/fulwood/?utm_source=google&utm_medium=local&utm_campaign=gmb_listing,,,
Row_69,,,,,,,,,,http://www.redmove.co.uk/,,,
Row_70,,,,,,,,,,https://www.bishopspa.com/,,,
Row_71,,,,,,,,,,http://www.hgf.com/contact/york/?utm_source=Google&utm_medium=Local,,,
Row_72,,,,,,,,,,https://colensoproperty.com/,,,
Row_73,,,,,,,,,,https://ypp.co.uk/building/piccadilly-residence,,,
Row_74,,,,,,,,,,https://www.naishproperty.co.uk/,,,
Row_75,,,,,,,,,,https://modernstudentaccommodationyork.co.uk/,,,
Row_76,,,,,,,,,,http://www.70five.co.uk/,,,
Row_77,,,,,,,,,,http://www.graysandco.co.uk/,,,
Row_78,,,,,,,,,,http://www.aspect4ltd.co.uk/,,,
Row_79,,,,,,,,,,http://www.divert.co.uk/,,,
Row_80,,,,,,,,,,https://www.landlordbroadband.com/?utm_source=GMB&utm_medium=Search&utm_campaign=GMB+Profile&utm_id=Google+Business+Profile&utm_term=Profile&utm_content=Google,,,
Row_81,,,,,,,,,,http://www.ashtonsnet.com/,,,
Row_82,,,,,,,,,,https://ousebank.com/,,,
Row_83,,,,,,,,,,http://www.jrht.org.uk/,,,
Row_84,,,,,,,,,,https://www.farrellheyworth.co.uk/branches/penwortham/?utm_source=google&utm_medium=local&utm_campaign=gmb_listing,,,
Row_85,,,,,,,,,,https://huntergeeholroyd.co.uk/our-offices/york-accountants/,,,
Row_86,,,,,,,,,,http://www.yorkhandyman.co.uk/,,,
Row_87,,,,,,,,,,https://www.sorrellconstruction.co.uk/,,,
Row_88,,,,,,,,,,https://www.eborinventories.co.uk/?utm_source=google&utm_medium=wix_google_business_profile&utm_campaign=185131997074089932,,,
Row_89,,,,,,,,,,http://www.jigsource.co.uk/,,,
Row_90,,,,,,,,,,https://jamespropertyuniversity.io/,,,
Row_91,,,,,,,,,,https://www.farrellheyworth.co.uk/branches/ormskirk/?utm_source=google&utm_medium=local&utm_campaign=gmb_listing,,,
Row_92,,,,,,,,,,http://www.drstv.co.uk/,,,
Row_93,,,,,,,,,,http://www.hphonline.co.uk/,,,
Row_94,,,,,,,,,,https://www.go2pad.com/,,,
Row_95,,,,,,,,,,https://consult.environment-agency.gov.uk/yorkshire/yorkfas/,,,
Row_96,,,,,,,,,,http://www.wildwoodventures.com/,,,
Row_97,,,,,,,,,,http://www.ashtonsnet.com/,,,
Row_98,,,,,,,,,,http://www.twhhomes.co.uk/,,,
Row_99,,,,,,,,,,http://www.churchillsestateagents.co.uk/,,,
Row_100,,,,,,,,,,https://www.ewemove.com/estate-agents-and-letting-agents/branch/york?utm_source=localmaps&utm_medium=gbp&utm_campaign=york,,,
Row_101,,,,,,,,,,https://www.reedsrains.co.uk/estate-agent/acomb?utm_source=google_my_business&utm_medium=organic&utm_campaign=RACOM1,,,
Row_102,,,,,,,,,,https://www.tri-coredevelopments.com/,,,
Row_103,,,,,,,,,,https://primopropertymanagement.co.uk/property/rathmell-hall-york,,,
Row_104,,,,,,,,,,http://www.illingworths.co.uk/,,,
Row_105,,,,,,,,,,https://www.knightsplc.com/,,,
Row_106,,,,,,,,,,http://www.scarboroughproperties.co.uk/,,,
Row_107,,,,,,,,,,http://www.yorkpropertyshop.co.uk/,,,
Row_108,,,,,,,,,,https://www.lancastersamms.co.uk/,,,
Row_109,,,,,,,,,,http://www.ldwproperties.co.uk/,,,
Row_110,,,,,,,,,,https://www.thompsonhomes.co.uk/,,,
Row_111,,,,,,,,,,http://www.rbpropertyrentals.com/,,,
Row_112,,,,,,,,,,https://www.cphproperty.co.uk/,,,
Row_113,,,,,,,,,,http://bravenderproperty.co.uk/,,,
Row_114,,,,,,,,,,https://www.morleyspm.co.uk/,,,
Row_115,,,,,,,,,,http://www.lentinsmith.co.uk/,,,
Row_116,,,,,,,,,,https://hls.rentals/,,,
Row_117,,,,,,,,,,https://www.belvoir.co.uk/offices/harrogate,,,
Row_118,,,,,,,,,,https://www.homes4harrogate.co.uk/,,,
Row_119,,,,,,,,,,http://lincoln-property.co.uk/,,,
Row_120,,,,,,,,,,https://www.artiumgroup.com/,,,
Row_121,,,,,,,,,,https://www.martinco.com/estate-agents-and-letting-agents/branch/harrogate/?utm_source=google&utm_medium=local&utm_campaign=gmb-harrogate-website,,,
Row_122,,,,,,,,,,https://verv-life.com/,,,
Row_123,,,,,,,,,,https://www.rwlettings.co.uk/,,,
Row_124,,,,,,,,,,http://www.eliteyorkshire.net/,,,
Row_125,,,,,,,,,,https://www.rfm-group.com/,,,
Row_126,,,,,,,,,,https://www.shortstayharrogate.com/,,,
Row_127,,,,,,,,,,http://www.myringsestateagents.com/,,,
Row_128,,,,,,,,,,https://www.garringtonnortheast.co.uk/,,,
Row_129,,,,,,,,,,https://www.alexgoldstein.co.uk/,,,
Row_130,,,,,,,,,,http://www.fssproperty.co.uk/,,,
Row_131,,,,,,,,,,https://www.ewemove.com/estate-agents/knaresborough/,,,
Row_132,,,,,,,,,,https://www.artiumgroup.com/,,,
Row_133,,,,,,,,,,https://www.fssproperty.co.uk/,,,
Row_134,,,,,,,,,,http://uniqueyorkshirehomes.com/,,,
Row_135,,,,,,,,,,http://marrtree.co.uk/portfolio/view/7,,,
Row_136,,,,,,,,,,http://qualitasfm.co.uk/,,,
Row_137,,,,,,,,,,http://dartwood.co.uk/,,,
Row_138,,,,,,,,,,https://www.anchor.org.uk/our-properties/wrvs-houses-harrogate-0?utm_source=gmb+rented&utm_medium=organic,,,
Row_139,,,,,,,,,,http://www.directionsplanning.co.uk/,,,
Row_140,,,,,,,,,,http://www.inhotproperty.co.uk/,,,
Row_141,,,,,,,,,,https://www.hhal.org.uk/contact/,,,
Row_142,,,,,,,,,,https://www.bradley-mason.com/?utm_source=GMBlisting&utm_medium=organic,,,
Row_143,,,,,,,,,,http://www.harrogatebusinesscentre.com/,,,
Row_144,,,,,,,,,,http://www.homegaard.co.uk/,,,
Row_145,,,,,,,,,,http://abouthomesforstudents.com/,,,
Row_146,,,,,,,,,,https://www.carterjonas.co.uk/estate-agents/harrogate,,,
Row_147,,,,,,,,,,https://teqgroup.co.uk/,,,
Row_148,,,,,,,,,,http://www.cityletsyork.co.uk/,,,
Row_149,,,,,,,,,,https://smh.group/howard-matthews/,,,
Row_150,,,,,,,,,,https://www.astrumplanning.co.uk/,,,
Row_151,,,,,,,,,,https://www.linleyandsimpson.co.uk/branch-finder/harrogate-estate-agents-lettings-agents/,,,
Row_152,,,,,,,,,,http://springfieldmanagementharrogate.co.uk/,,,
Row_153,,,,,,,,,,https://www.idhlagency.com/,,,
Row_154,,,,,,,,,,https://www.williamhbrown.co.uk/estate-agents/harrogate?utm_source=Google&utm_medium=Main+URL&utm_campaign=Google+Knowledge+Panel&utm_id=YEXT&y_source=1_NjUyNTUxOTMtNzE1LWxvY2F0aW9uLndlYnNpdGU%3D,,,
Row_155,,,,,,,,,,http://tjreaveleyltd.com/,,,
Row_156,,,,,,,,,,https://dacres.co.uk/estate-agents/harrogate,,,
Row_157,,,,,,,,,,https://www.harrogatepropertyfinder.co.uk/,,,
Row_158,,,,,,,,,,https://signaturerenovationsharrogate.co.uk/,,,
Row_159,,,,,,,,,,http://www.phld.co.uk/,,,
Row_160,,,,,,,,,,https://www.thecosycollectionltd.com/,,,
Row_161,,,,,,,,,,https://www.hardcastleproperties.co.uk/,,,
Row_162,,,,,,,,,,http://www.commercialpropertyinyork.co.uk/,,,
Row_163,,,,,,,,,,https://www.farrellheyworth.co.uk/branches/blackpool-south/?utm_source=google&utm_medium=local&utm_campaign=gmb_listing,,,
Row_164,,,,,,,,,,http://www.rent-or-let.co.uk/,,,
Row_165,,,,,,,,,,https://residenortheast.co.uk/,,,
Row_166,,,,,,,,,,http://www.woottendean.co.uk/,,,
Row_167,,,,,,,,,,https://find-and-update.company-information.service.gov.uk/company/07747084,,,
Row_168,,,,,,,,,,https://athastudents.com/,,,
Row_169,,,,,,,,,,http://www.collierproperty.co.uk/,,,
Row_170,,,,,,,,,,https://www.heyhouselife.com/,,,
Row_171,,,,,,,,,,https://www.farrellheyworth.co.uk/branches/southport/?utm_source=google&utm_medium=local&utm_campaign=gmb_listing,,,
Row_172,,,,,,,,,,https://mattycolepropertyinvestments.co.uk/,,,
Row_173,,,,,,,,,,http://www.jmhpropertymaintenance.co.uk/,,,
Row_174,,,,,,,,,,https://irvingsproperty.co.uk/,,,
Row_175,,,,,,,,,,https://www.zetland.co.uk/,,,
Row_176,,,,,,,,,,https://www.forceshomes.co.uk/,,,
Row_177,,,,,,,,,,http://www.harelands.co.uk/,,,
Row_178,,,,,,,,,,https://www.ruralcleansyorkshireltd.com/,,,
Row_179,,,,,,,,,,http://www.normanpropertymaintenance.co.uk/,,,
Row_180,,,,,,,,,,https://www.holidayhomemanagementyorkshire.co.uk/,,,
Row_181,,,,,,,,,,http://www.helmsley.co.uk/,,,
Row_182,,,,,,,,,,http://north-engineering.co.uk/,,,
Row_183,,,,,,,,,,http://www.carterproperties.co.uk/,,,
Row_184,,,,,,,,,,https://exposurepropertymarketing.com/,,,
Row_185,,,,,,,,,,http://vortexltd.co.uk/,,,
Row_186,,,,,,,,,,http://www.astin.co.uk/,,,
Row_187,,,,,,,,,,https://nolettinggo.co.uk/york/,,,
Row_188,,,,,,,,,,http://www.hudson-moody.com/,,,
Row_189,,,,,,,,,,http://www.violethomes.co.uk/,,,
Row_190,,,,,,,,,,https://www.regus.com/en-gb/united-kingdom/york/tower-court-3052?utm_source=google_uberall&utm_medium=places&utm_campaign=uberall&utm_content=uberall,,,
Row_191,,,,,,,,,,https://sdminteriors.co.uk/,,,
Row_192,,,,,,,,,,http://www.alanwood.co.uk/,,,
Row_193,,,,,,,,,,https://locationuk.org/business/susie-smith-lettings-0cra66,,,
Row_194,,,,,,,,,,https://sycamorebusinesspark.co.uk/,,,
Row_195,,,,,,,,,,http://canalsidedevs.co.uk/,,,
Row_196,,,,,,,,,,http://senior-accounting-services.co.uk/,,,
Row_197,,,,,,,,,,https://parkerhartley.co.uk/,,,
Row_198,,,,,,,,,,http://www.thelandmanagementpartnership.co.uk/,,,
Row_199,,,,,,,,,,http://prosperitypropertynorth.co.uk/,,,
Row_200,,,,,,,,,,http://pfmdental.co.uk/,,,
Row_201,,,,,,,,,,https://www.howarth-timber.co.uk/branches/york/,,,
Row_202,,,,,,,,,,https://allertonpropertymanagementltd.godaddysites.com/,,,
Row_203,,,,,,,,,,https://www.broadacres.org.uk/,,,
Row_204,,,,,,,,,,http://www.jprest.co.uk/,,,
Row_205,,,,,,,,,,http://howieproperty.co.uk/,,,
Row_206,,,,,,,,,,https://www.victorproperty.co.uk/contact_us.html,,,
Row_207,,,,,,,,,,http://www.harlequinuk.co.uk/,,,
Row_208,,,,,,,,,,http://jdsproperty.com/,,,
Row_209,,,,,,,,,,https://www.reedsrains.co.uk/estate-agent/selby?utm_source=google_my_business&utm_medium=organic&utm_campaign=RSELB1,,,
Row_210,,,,,,,,,,https://prestonbaker.co.uk/estate-agents-selby?utm_source=LocalMaps&utm_medium=GMB&utm_campaign=selby&utm_term=website,,,
Row_211,,,,,,,,,,https://www.jigsawmove.co.uk/,,,
Row_212,,,,,,,,,,http://www.keithtaylorproperties.co.uk/,,,
Row_213,,,,,,,,,,https://www.williamhbrown.co.uk/estate-agents/selby?utm_source=Google&utm_medium=Main+URL&utm_campaign=Google+Knowledge+Panel&utm_id=YEXT&y_source=1_NjUyNTU0MDUtNzE1LWxvY2F0aW9uLndlYnNpdGU%3D,,,
Row_214,,,,,,,,,,https://infinitewills.co.uk/contact/,,,
Row_215,,,,,,,,,,https://www.nfumutual.co.uk/agent-offices/yorkshire-central/?utm_source=gbl&utm_medium=organic,,,
Row_216,,,,,,,,,,https://www.upforyorkshire.org.uk/,,,
Row_217,,,,,,,,,,https://ifo.co.uk/,,,
Row_218,,,,,,,,,,https://www.hunters.com/office/selby?utm_source=google&utm_medium=local,,,
Row_219,,,,,,,,,,http://www.hh66.uk/,,,
Row_220,,,,,,,,,,https://www.brokerplan.co.uk/,,,
Row_221,,,,,,,,,,http://www.whiterosefinance.com/,,,
Row_222,,,,,,,,,,http://www.elmhirstparker.com/,,,
Row_223,,,,,,,,,,http://www.brackenholmebusinesspark.co.uk/,,,
Row_224,,,,,,,,,,https://senior-accounting-services.co.uk/,,,
Row_225,,,,,,,,,,http://www.kpmgoole.co.uk/,,,
Row_226,,,,,,,,,,http://www.fallowproperty.co.uk/,,,
Row_227,,,,,,,,,,https://www.bellingram.co.uk/our-offices/thirsk/,,,
Row_228,,,,,,,,,,http://www.lukemiller.co.uk/,,,
Row_229,,,,,,,,,,http://www.thepropertygenieservices.co.uk/,,,
Row_230,,,,,,,,,,https://www.belvoir.co.uk/offices/thirsk,,,
Row_231,,,,,,,,,,http://www.davislund.co.uk/,,,
Row_232,,,,,,,,,,https://www.sectoria.co.uk/,,,
Row_233,,,,,,,,,,http://www.merit-estates.co.uk/,,,
Row_234,,,,,,,,,,https://www.stratencsl.co.uk/contact,,,
Row_235,,,,,,,,,,https://thirsk4business.co.uk/membership,,,
Row_236,,,,,,,,,,https://www.taxassist.co.uk/accountants/thirsk/?utm_source=google&utm_medium=google_my_business&utm_campaign=local,,,
Row_237,,,,,,,,,,http://www.hambletonlettings.co.uk/,,,
Row_238,,,,,,,,,,https://www.nfumutual.co.uk/agent-offices/thirsk/?utm_source=gbl&utm_medium=organic,,,
Row_239,,,,,,,,,,http://www.thirsk-tc.gov.uk/,,,
Row_240,,,,,,,,,,https://www.mexboroughestates.co.uk/,,,
Row_241,,,,,,,,,,https://www.hazelfoxtonrentals.co.uk/,,,
Row_242,,,,,,,,,,https://www.abbeyfield.com/member-societies-in-england-wales/thirsk-and-sowerby-society-ltd/,,,
Row_243,,,,,,,,,,https://kindredspaces.co.uk/,,,
Row_244,,,,,,,,,,http://www.nicholsons.uk.com/,,,
Row_245,,,,,,,,,,http://www.dinglisaccountancy.co.uk/,,,
Row_246,,,,,,,,,,http://www.trueloveproperties.com/,,,
Row_247,,,,,,,,,,https://www.nplets.co.uk/,,,
Row_248,,,,,,,,,,http://www.alliedmanagement.co.uk/,,,
Row_249,,,,,,,,,,https://www.martinco.com/estate-agents-and-letting-agents/branch/guisborough/?utm_source=google&utm_medium=local&utm_campaign=gmb-guisborough-website,,,
Row_250,,,,,,,,,,https://www.anchor.org.uk/our-properties/kemplah-house-guisborough?utm_source=gmb+rented&utm_medium=organic,,,
Row_251,,,,,,,,,,https://www.jjspropertyservices.uk/,,,
Row_252,,,,,,,,,,https://www.reedsrains.co.uk/estate-agent/guisborough?utm_source=google_my_business&utm_medium=organic&utm_campaign=QGUIS1,,,
Row_253,,,,,,,,,,http://www.guisboroughpropertymaintenance.co.uk/,,,
Row_254,,,,,,,,,,http://www.skeltonestates.co.uk/,,,
Row_255,,,,,,,,,,https://dwela.uk/estate-agents-guisborough/,,,
Row_256,,,,,,,,,,https://hostandstay.co.uk/,,,
Row_257,,,,,,,,,,http://www.leapfroglettingsandsales.co.uk/,,,
Row_258,,,,,,,,,,https://progression-property.co.uk/,,,
Row_259,,,,,,,,,,https://www.jvmcproperty.com/?utm_source=google&utm_medium=wix_google_business_profile&utm_campaign=6471306265209391103,,,
Row_260,,,,,,,,,,http://fabsolicitors.co.uk/,,,
Row_261,,,,,,,,,,http://www.investicity.co.uk/,,,
Row_262,,,,,,,,,,http://www.taylor-lettings.co.uk/,,,
Row_263,,,,,,,,,,https://www.ewemove.com/middlesbrough,,,
Row_264,,,,,,,,,,https://portland-em.co.uk/,,,
Row_265,,,,,,,,,,http://www.ardanlettings.co.uk/,,,
Row_266,,,,,,,,,,https://northeast.townandcountrypropertyauctions.co.uk/pages/region,,,
Row_267,,,,,,,,,,http://blueskiesstays.co.uk/,,,
Row_268,,,,,,,,,,http://www.let-express.co.uk/,,,
Row_269,,,,,,,,,,http://confidenceproperty.co.uk/,,,
Row_270,,,,,,,,,,http://www.candmproperties.co.uk/,,,
Row_271,,,,,,,,,,https://www.mydentist.co.uk/dentists/practices/highcliffe-view-westgate-guisborough?pid=20299&utm_source=google&utm_medium=local&utm_content=20299&utm_campaign=my-business,,,
Row_272,,,,,,,,,,http://horizonsaleslettings.co.uk/,,,
Row_273,,,,,,,,,,http://www.magnumproperties.co.uk/,,,
Row_274,,,,,,,,,,https://www.newwalkcic.co.uk/,,,
Row_275,,,,,,,,,,https://myabsolute.co.uk/,,,
Row_276,,,,,,,,,,https://www.facebook.com/share/14FLPk7H5i3/?mibextid=wwXIfr,,,
Row_277,,,,,,,,,,http://www.parkerstag.com/,,,
Row_278,,,,,,,,,,https://www.smith-and-friends.co.uk/branch/middlesbrough?utm_source=localmaps&utm_medium=gbp&utm_campaign=middlesbrough,,,
Row_279,,,,,,,,,,http://www.bede-group.co.uk/,,,
Row_280,,,,,,,,,,http://www.letbellevue.com/,,,
Row_281,,,,,,,,,,https://www.inglebysestateagents.com/,,,
Row_282,,,,,,,,,,https://www.nsestates.co.uk/,,,
Row_283,,,,,,,,,,http://www.cundalls.co.uk/,,,
Row_284,,,,,,,,,,http://www.thecoastandcountrygroup.com/,,,
Row_285,,,,,,,,,,http://www.yorkshireluxurystays.co.uk/,,,
Row_286,,,,,,,,,,http://www.peterillingworth.co.uk/,,,
Row_287,,,,,,,,,,https://www.boultoncooper.co.uk/,,,
Row_288,,,,,,,,,,http://www.barkerstakesfarm.com/,,,
Row_289,,,,,,,,,,http://www.hovingham.co.uk/,,,
Row_290,,,,,,,,,,http://www.maltonestate.co.uk/,,,
Row_291,,,,,,,,,,http://www.tailormadeproperty.co.uk/,,,
Row_292,,,,,,,,,,https://www.thehonestlet.co.uk/,,,
Row_293,,,,,,,,,,https://www.spgproperties.co.uk/,,,
Row_294,,,,,,,,,,http://www.yorwealth.co.uk/,,,
Row_295,,,,,,,,,,http://www.windsorcourtproperties.co.uk/,,,
Row_296,,,,,,,,,,https://hmcaestates.co.uk/,,,
Row_297,,,,,,,,,,http://www.limelicensinggroup.co.uk/,,,
Row_298,,,,,,,,,,http://www.thurra.co.uk/,,,
Row_299,,,,,,,,,,https://www.lindenhomes.co.uk/developments/yorkshire/castle-gate-knaresborough?utm_source=gmb&utm_medium=organic&utm_campaign=Vistry%20Linden%20Yorkshire%20-%20Castle%20Gate%20-%20Listing&utm_content=,,,
Row_300,,,,,,,,,,http://www.aaplanning.co.uk/,,,
Row_301,,,,,,,,,,https://dacres.co.uk/estate-agents/knaresborough,,,
Row_302,,,,,,,,,,http://www.ambitiousgroup.co.uk/,,,
Row_303,,,,,,,,,,http://soloista.com/,,,
Row_304,,,,,,,,,,http://www.knaresboroughtowncouncil.gov.uk/,,,
Row_305,,,,,,,,,,http://www.newbyjames.co.uk/,,,
Row_306,,,,,,,,,,https://www.newtons.co.uk/offices/knaresborough,,,
Row_307,,,,,,,,,,https://www.taylorwimpey.co.uk/new-homes/knaresborough/trinity-fields,,,
Row_308,,,,,,,,,,https://libertasletmanagement.co.uk/,,,
Row_309,,,,,,,,,,http://www.wetherbypm.co.uk/,,,
Row_310,,,,,,,,,,http://graftonlp.com/,,,
Row_311,,,,,,,,,,http://www.gscgrays.co.uk/,,,
Row_312,,,,,,,,,,https://www.thepropertybuyingcompany.co.uk/,,,
Row_313,,,,,,,,,,http://www.adhocproperty.co.uk/,,,
Row_314,,,,,,,,,,https://www.artiumgroup.com/,,,
Row_315,,,,,,,,,,http://www.david-moor.com/,,,
Row_316,,,,,,,,,,https://www.craven-holmes.co.uk/,,,
Row_317,,,,,,,,,,http://opus-services.co.uk/,,,
Row_318,,,,,,,,,,https://www.linleyandsimpson.co.uk/branch-finder/wetherby-lettings-agents/,,,
Row_319,,,,,,,,,,http://efm-uk.co.uk/,,,
Row_320,,,,,,,,,,https://www.hivepg.co.uk/,,,
Row_321,,,,,,,,,,http://www.knightrichardson.co.uk/,,,
Row_322,,,,,,,,,,https://chimneycrete.com/,,,
Row_323,,,,,,,,,,https://agripestmanagement.co.uk/,,,
Row_324,,,,,,,,,,http://www.thompsonpropertymaintenance.co.uk/,,,
Row_325,,,,,,,,,,http://poulterpropertyservicesltd.com/,,,
Row_326,,,,,,,,,,http://www.yhgc.co.uk/,,,
Row_327,,,,,,,,,,http://www.letting-angels.co.uk/,,,
Row_328,,,,,,,,,,http://www.redcarlettingandsales.co.uk/,,,
Row_329,,,,,,,,,,https://beyondhousing.co.uk/,,,
Row_330,,,,,,,,,,http://www.ethicallettingsagency.co.uk/,,,
Row_331,,,,,,,,,,https://locationuk.org/business/rcd-property-management-ltd-omc1cd,,,
Row_332,,,,,,,,,,http://www.baileygroup.co.uk/,,,
Row_333,,,,,,,,,,https://www.flexspace.co.uk/,,,
Row_334,,,,,,,,,,http://europropertymanagement.co.uk/,,,
Row_335,,,,,,,,,,https://assetprop.co.uk/,,,
Row_336,,,,,,,,,,https://jacksonandcopeland.co.uk/contact,,,
Row_337,,,,,,,,,,https://parktowerhartlepool.co.uk/,,,
Row_338,,,,,,,,,,https://www.cundallsrfas.co.uk/,,,
Row_339,,,,,,,,,,http://www.richardbalf.co.uk/,,,
Row_340,,,,,,,,,,http://thehelmsleyretreat.co.uk/,,,
Row_341,,,,,,,,,,http://www.holmeleacountryinteriors.co.uk/,,,
Row_342,,,,,,,,,,http://ryedalecleaners.co.uk/,,,
Row_343,,,,,,,,,,http://www.boultoncooper.co.uk/,,,
Row_344,,,,,,,,,,http://lookafter.uk/,,,
Row_345,,,,,,,,,,https://lookafter.uk/,,,
Row_346,,,,,,,,,,http://ryedalecleaners.co.uk/,,,
Row_347,,,,,,,,,,http://cussinsandlight.com/,,,
Row_348,,,,,,,,,,http://www.crossleypropertysolutions.co.uk/,,,
Row_349,,,,,,,,,,https://aspenco.co.uk/contact-us,,,
Row_350,,,,,,,,,,http://www.hewetsonandjohnson.co.uk/,,,
Row_351,,,,,,,,,,http://www.fpm-homes.co.uk/,,,
Row_352,,,,,,,,,,https://terrydickenbusinesspark.co.uk/,,,
Row_353,,,,,,,,,,https://www.theyorkshirepropertyagency.co.uk/,,,
Row_354,,,,,,,,,,http://www.vinehouseconstruction.co.uk/,,,
Row_355,,,,,,,,,,http://www.w-y-p.co.uk/,,,
Row_356,,,,,,,,,,https://www.chestnutsolutions.co.uk/,,,
Row_357,,,,,,,,,,https://www.roseberry-newhouse.co.uk/stokesley-office/?utm_source=localmaps&utm_medium=gbp&utm_campaign=stokesley,,,
